Date,"Request Type",Reference,Tenant,Hostel,Category,Status,Priority
"27 Jan 2026",OutPass/Leave,OP-9,"Pimpri Chinchinwad University","tulip boys hostel",Day,pending,—
"27 Jan 2026",OutPass/Leave,OP-10,"Pimpri Chinchinwad University","tulip boys hostel",Day,approved,—
"23 Feb 2026",Ticket,TKT-11,—,"tulip boys hostel",housekeeping,open,medium
"23 Feb 2026",Ticket,TKT-12,—,"tulip boys hostel",maintenance,open,medium
"19 Feb 2026",OutPass/Leave,OP-15,"Pimpri Chinchinwad University","tulip boys hostel",Day,pending,—
"19 Feb 2026",OutPass/Leave,OP-16,"Pimpri Chinchinwad University","tulip boys hostel",Day,pending,—
"11 Feb 2026",Ticket,TKT-7,—,"tulip boys hostel",housekeeping,open,high
"11 Feb 2026",Ticket,TKT-8,—,"tulip boys hostel",housekeeping,open,high
"11 Feb 2026",Ticket,TKT-9,—,"tulip boys hostel",housekeeping,resolved,high
"11 Feb 2026",Ticket,TKT-10,—,"tulip boys hostel",housekeeping,resolved,high
"11 Feb 2026",OutPass/Leave,OP-12,"Pimpri Chinchinwad University","tulip boys hostel",Day,approved,—
"11 Feb 2026",OutPass/Leave,OP-11,"Pimpri Chinchinwad University","tulip boys hostel",Overnight,pending,—
"11 Feb 2026",OutPass/Leave,OP-14,"Pimpri Chinchinwad University","tulip boys hostel",Day,approved,—
"04 Feb 2026",Ticket,TKT-4,—,"tulip boys hostel",maintenance,open,medium
